PHSW,RMW
PHSW,WDN
PHSW,HGR
PHSW,HR
RMW,LB
WDN,FDP
WDN,ADMW
WDN,EW
WDN,BD
HGR,UR
HR,UT
PHSF,KMM
PHSF,ABH
PHSF,CM
PHSF,SSL
KMM,UZ
KMM,ScNa
ABH,ElSc
ABH,IH
CM,OZ
CM,MG
SSL,DeMu
PHSH,KH
PHSH,JLG
PHSH,RL
PHSH,AT
PHSH,GWN
KH,SD
KH,VD
KH,HU
KH,RC
KH,FrHeFr
KH,FT
KH,FK
KH,TH
JLG,FL
RL,MLP
AT,GeSt
AT,HiHe
AT,DeKr
AT,NC
GWN,FHPM
GWN,SPD
GWN,AW
GWN,HC
GWN,DeTs
GWN,FD
GWN,HoBu
GWN,DTG
GWN,OU
GWN,WePf
PHSK,ELB
PHSK,AR
PHSK,RR
AR,EvBa
AR,BG
RR,GE
RR,BU
RR,KG
RR,KaMe
RR,StGm
RR,StKl
RR,KF
RR,KB
RR,StHe
RR,BK
RR,VK
RR,RMO
RR,VJ
PHSS,EWH
PHSS,HH
PHSS,CT
PHSS,AZ
EWH,SI
HH,SZ
AZ,FEM
AZ,DGG
AZ,AIF
AZ,ZOS
AZ,EM
AZ,EA
AZ,EGL
PHSL,UH
PHSL,TB
PHSL,MM
PHSL,US
PHSL,MT
UH,SBW
UH,SBL
UH,FrJe
UH,BL
TB,UT
TB,RoYoLi
MM,SC
US,IS
MT,VZUDS
MT,TT
MT,SELF